algorithm,n_recommendations,avg_rating_watched,avg_relevance,avg_watch_likelihood_unwatched,avg_novelty,top_5_hits,top_5_hit_rate,rrf_score,rrf_rank
weighted_hybrid,35,4.647,3.714,2.944,0.914,11,0.314,0.340909,1
knn,35,4.643,3.286,3.238,0.886,9,0.257,0.305927,2
image_text_similarity,35,4.562,3.486,2.632,1.029,13,0.371,0.303409,3
genome_overlap,35,4.571,3.4,2.857,1.343,5,0.143,0.283013,4
image_similarity,35,4.5,3.314,2.667,1.143,10,0.286,0.278604,5
castoverlap,35,4.875,2.829,2.444,1.343,5,0.143,0.275223,6
tmdb,35,4.625,2.971,2.556,1.4,3,0.086,0.251984,7
subtitles,35,4.25,2.829,2.065,1.714,3,0.086,0.22549,8
